X_mean,X_std,X_rms,X_crestf,X_skew,X_kurtosis,X_max,X_min,X_p2p,Y_mean,Y_std,Y_rms,Y_crestf,Y_skew,Y_kurtosis,Y_max,Y_min,Y_p2p,freqX_1,freqY_1
0.00210234375,0.4129836564117966,0.4129890074959623,3.3269650645929927,-0.05352612731615548,0.02016566392390695,1.374,-1.354,2.728,0.00524609375,0.3596862765840062,0.35972453219442796,4.344991403464283,0.0370024835946578,0.32137213836900447,1.563,-1.316,2.879,0.05754844742175672,0.03771192386759673
-0.006660546875000001,0.4076855032217861,0.4077399078111867,3.507137693919807,-0.14434789523321917,0.5436245799938888,1.43,-1.852,3.282,0.004626953125000001,0.3560079104744781,0.3560379769289015,3.4940092928581574,-0.07249087996307395,0.03402343136100949,1.244,-1.166,2.41,0.056599996205709394,0.03469604038709543
-0.004366796875000004,0.4076458455349784,0.40766923393466303,3.554352105541108,0.09555074668876344,0.22818653152171242,1.449,-1.528,2.9770000000000003,0.0015429687499999983,0.3705382883774449,0.37054150092297355,3.4139225885603626,-0.05125389196542184,0.2045766053314746,1.265,-1.426,2.691,0.0559629248427241,0.039510016639054485
-0.012901171874999996,0.3947657929059035,0.3949765454864061,3.952133405991635,-0.18615079415795907,0.640422332268404,1.561,-2.283,3.844,-0.005701171874999998,0.38373120902511526,0.3837735584177537,3.3691742738370603,-0.026800147240306056,0.2320819990120988,1.293,-1.512,2.8049999999999997,0.05510574532007745,0.042975809408239474
-0.011891015625000004,0.41142481400072484,0.41159661542355397,3.19730520292488,-0.14198449116232362,0.4313313320550747,1.316,-2.13,3.4459999999999997,-0.0014273437499999983,0.3779055502070846,0.3779082457257317,3.6543261906020064,-0.09794165746050794,0.18520013774232513,1.381,-1.344,2.725,0.05464344196617758,0.03562071040565479
0.013231640624999996,0.39593406452589536,0.3961550955946736,3.3396011176229536,-0.08479066310115253,-0.04778528636207602,1.323,-1.407,2.73,-0.00024843750000000245,0.3712207900933871,0.3712208732261024,3.1894758226023883,-0.025902873979484587,0.23999006823706193,1.184,-1.469,2.653,0.05958190675556271,0.03904639593240736
-0.0024851562500000013,0.40395728784694934,0.4039649321491285,3.7008162863208707,-0.025339867805074332,0.2810104995975551,1.495,-1.666,3.161,0.004717578125000001,0.4032243708963529,0.40325196692406223,3.970222420022293,-0.05163582203201599,0.06939476454336857,1.601,-1.511,3.112,0.05446781361237567,0.03986721648528367
0.0003074218750000017,0.3948374087139107,0.3948375283938002,3.677461982671046,0.017547704556861582,0.01202166580848063,1.452,-1.223,2.675,0.0235578125,0.3874056767478567,0.388121281181862,3.952372813283623,0.0653930753882491,0.18501261629760535,1.534,-1.306,2.84,0.056807503355529546,0.04711562500000001
0.006563281249999995,0.4130129139497134,0.4130650599481878,3.5878125353567603,-0.02315784953167974,0.3463804726642614,1.482,-1.688,3.17,0.005477343749999997,0.3937632282926433,0.3938013220521231,3.682059756539059,-0.0019531807477152024,0.08926807853572738,1.45,-1.274,2.724,0.05398349787726754,0.04418216063483777
-0.008112109375,0.42941301816067834,0.42948963489748504,3.9605146708744488,-0.19293825942960913,0.5579159412109509,1.701,-1.779,3.48,0.014188671874999998,0.39191319883176756,0.39216995528485477,3.4270855834016616,0.007298894659974433,0.05481407081792211,1.344,-1.408,2.752,0.0623636456259181,0.036089073894220204
-0.0005480468749999988,0.4058716026624033,0.4058719726750358,4.895632450065492,-0.0421352983140061,0.498715442648447,1.987,-1.619,3.606,0.01015078125,0.3870010708351007,0.38713417207410145,3.5620725305955303,-0.076640659447032,0.24415790288079453,1.379,-1.544,2.923,0.05660883750377962,0.042462457834093977
-0.014888281250000001,0.3948011861449012,0.3950818111480203,3.573943320491116,-0.13362906848419556,0.06316995455593633,1.412,-1.394,2.806,0.004057421874999999,0.386684846523436,0.3867061328749843,3.366897727533365,0.013184278554719556,-0.05927822372256886,1.302,-1.164,2.466,0.05782486918098786,0.03755373347792632
0.019285546874999997,0.38764788925145355,0.38812732235617603,3.4215576268586503,-0.03808946415236087,0.27794036357910334,1.328,-1.487,2.8150000000000004,-0.014262890624999996,0.38421194817820836,0.3844765937893684,3.5788914649868846,0.03747750242377256,0.23684132998398688,1.376,-1.337,2.713,0.055362552080788684,0.0449371260383064
0.007635937499999998,0.4052812173229177,0.40535314561040475,3.8558970540276483,-0.03775428358115723,0.19546350040466898,1.563,-1.398,2.961,0.012072265625000002,0.3834862161549023,0.38367618844296947,3.372635672938935,-0.021864075457253107,-0.17356670646476902,1.294,-1.487,2.781,0.06220862613383478,0.03711337040540465
-0.0015312500000000014,0.3771172622569636,0.3771203709941297,3.675219125252649,-0.005027393979723534,-0.01796727534747733,1.386,-1.166,2.5519999999999996,-0.010392968749999997,0.36571788279261314,0.3658655266539197,3.583283759992244,0.07769209472340594,0.24458317144485786,1.311,-1.348,2.659,0.05523078042877151,0.04193212493431478
0.036081249999999995,0.38685677718593414,0.38853574180022354,3.206912172936372,-0.010869970455408278,-0.021413180004197674,1.246,-1.156,2.402,0.00671328125,0.39499196369813455,0.39504900902451334,3.465392821463961,0.02612154640397785,0.08189569412253972,1.369,-1.492,2.8609999999999998,0.07216249999999999,0.03542078833497126
0.004297265625000001,0.40723347245317787,0.4072561449237138,3.2608470530230003,-0.09026268979303641,0.20626735623615833,1.328,-1.542,2.87,-0.011499609375,0.365648496039704,0.36582928214110333,3.706646969492671,0.021113544382592223,0.11618685764816439,1.356,-1.219,2.575,0.05260914516185944,0.040307768646204355
0.0040511718750000005,0.39903104530326233,0.39905160958123576,3.129920967643005,-0.033235827809168846,0.028663079166054928,1.249,-1.318,2.567,0.004264843750000002,0.3962298025392438,0.3962527543279668,3.727418885718408,-0.00804503871990381,0.17370182501197506,1.477,-1.352,2.829,0.0571349000671169,0.03721742485374781
0.012491015625,0.3693945393485548,0.36960566983188314,3.6525413709536814,-0.05014631716520505,0.041716217940921396,1.35,-1.527,2.877,-0.0008308593749999996,0.391419387135875,0.3914202689605189,3.5588346094067673,0.012005739019306776,0.12922187010152264,1.393,-1.344,2.737,0.052740299972000804,0.04236563452626819
-0.006817187499999998,0.37130362746287554,0.37136620445659835,3.8802669244191015,0.04663043230767993,0.07067139703698766,1.441,-1.268,2.709,0.015474609375000004,0.37336732831799324,0.37368787161296124,3.70630171651512,0.011628441285752402,0.216414371558022,1.385,-1.408,2.793,0.06192647138258547,0.0404251906703548
0.005716015625000001,0.3444566693899971,0.3445040927505434,3.5355167779732533,-0.10792308555057016,0.27046623708700723,1.218,-1.465,2.683,0.0036480468750000007,0.36382829907405884,0.36384658779920553,3.6966129272655412,0.0293972054020045,0.042531948702063005,1.345,-1.115,2.46,0.055992561899983986,0.03693193559767024
-0.016031250000000004,0.3509459791384388,0.3513119429367581,3.392995951220991,-0.08507944670452752,0.1250390696999255,1.192,-1.266,2.458,-0.010675390625,0.35357647646142787,0.353737598612128,3.2962286298508934,-0.01683756775585545,-0.0097833426227103,1.166,-1.179,2.3449999999999998,0.059355465928190264,0.03498097600580353
8.593750000000094e-05,0.36279820013472514,0.3627982103129094,3.555695599731293,-0.13886787055328517,0.23438045882295722,1.29,-1.398,2.6879999999999997,0.006114062500000001,0.36971741145569015,0.3697679625031758,3.6509382556051095,0.06325655081504965,0.10667577162462782,1.35,-1.306,2.656,0.05905942061288574,0.036699984393478595
-0.010319921875000002,0.36550783431667905,0.3656534940819997,3.35290109309078,-0.0867972236604152,0.030009098388216415,1.226,-1.188,2.4139999999999997,0.005419140624999997,0.39501978058764536,0.3950569505028674,3.619731277173469,-0.0028926264961529344,0.09145161932580326,1.43,-1.57,3.0,0.059100505727238364,0.04096979335485766
-0.005522656249999999,0.3676310962421355,0.36767257533877884,3.881170627657343,0.015409186821870448,-0.01453382407639392,1.427,-1.176,2.6029999999999998,-0.007639453124999999,0.41641867557222495,0.4164887448771875,3.507897915538663,0.023593228816461836,0.0907556754637926,1.461,-1.463,2.9240000000000004,0.06043669188445152,0.04202422902135014
-0.031021874999999997,0.37387899988195966,0.3751637819423005,3.1772789842046305,-0.14240102820746556,0.537060711146879,1.192,-1.968,3.16,0.007293359375,0.38767162665347604,0.38774022644436185,3.718984778090641,0.022671758644009967,0.3585256208635732,1.442,-1.527,2.969,0.062043749999999995,0.037234324120164
-0.017378906250000003,0.36731938188047425,0.367730274369,3.562393665432824,-0.03456774169284548,0.2543491542112428,1.31,-1.255,2.565,0.008075390625000003,0.4105914638367786,0.41067086834760386,3.3311347491102894,-0.0682410134660032,0.14695295550366483,1.368,-1.395,2.763,0.054082033911784365,0.032785621846541275
0.00676640625,0.36279708101976227,0.3628601745163004,3.2161148617525566,-0.10851944810371689,0.17248425610474083,1.167,-1.323,2.49,-0.0024722656249999966,0.3797981155901178,0.3798061620131051,3.2384940609719735,-0.024253749049399215,-0.1649975573215392,1.23,-1.465,2.6950000000000003,0.05727163355272162,0.03500892975522828
0.0010769531250000007,0.37570845882324977,0.3757100023414003,3.7209549686932872,-0.13505398296561402,0.6891740322948929,1.398,-1.772,3.17,-0.003879296874999999,0.3577764336095666,0.35779746420373776,3.560673642098694,0.004132265185454725,0.04460151902204634,1.274,-1.384,2.658,0.06226114109256423,0.03833503469775296
-0.014935156250000003,0.3614850507130801,0.36179345043995753,3.466066061934173,-0.09337069031214025,0.29763239363191296,1.254,-1.352,2.606,-0.015224218749999999,0.37807124478357534,0.3783776459686143,2.9970058011673952,-0.1417660808152116,0.006011532966740951,1.134,-1.331,2.465,0.0639098333053198,0.0410830398068543
0.007505859374999996,0.33295187804045756,0.33303647099923606,4.242778563442204,0.024777542882326087,0.20755002608555007,1.413,-1.292,2.705,-0.006085937499999999,0.35631030689870047,0.3563622783593965,3.128838453758864,0.07004938275079221,0.06529897912924554,1.115,-1.218,2.333,0.06553665009696877,0.03566791686156743
-0.01630078125,0.33762508700389793,0.3380183646545702,3.7867765004663743,0.008809561954819812,-0.007467157956406734,1.28,-0.999,2.279,0.008455468749999999,0.36477410760560813,0.36487209338513404,4.541317437097016,0.07927525601517203,0.1072809855218364,1.657,-1.242,2.899,0.06194088375781596,0.03662876728951371
0.02129609375,0.3486710784137985,0.3493208332339341,3.269200950391706,-0.03370174363916954,-0.0036469391896178927,1.142,-1.168,2.3099999999999996,0.009071093749999998,0.37949779162984426,0.37960618882435254,3.126924784014089,-0.06766820489007504,-0.020506930822690617,1.187,-1.301,2.488,0.06359915216067002,0.041764781137183224
0.015818750000000003,0.36446065775977454,0.3648037882290287,4.684710124027185,0.046062916068966474,0.23132695113560642,1.709,-1.243,2.952,-0.0005273437500000006,0.36845401261021615,0.36845438998606056,3.297558756311646,-0.10036638091580315,0.023609831837338557,1.215,-1.357,2.572,0.05403207627702185,0.030279175260318897
0.010160937499999998,0.36133576387533395,0.36147860089671974,3.5908073030604086,0.08962653025069789,-0.05933215292033944,1.298,-1.181,2.479,0.0025656249999999993,0.4070350515537444,0.40704313730242403,3.4959439666040666,0.005740698395421986,0.22681841456353125,1.423,-1.495,2.918,0.05867361428202526,0.039048342860033516
-0.019348437500000003,0.35663517510553916,0.357159642395736,3.841419458248343,-0.04665244871832556,0.1895025609089922,1.372,-1.38,2.752,0.006291406250000001,0.39366272574997174,0.3937129962771105,3.273958472767182,0.018590779507966153,0.017004904270348398,1.289,-1.349,2.638,0.05689696021315972,0.03314918427404022
0.006200000000000002,0.37284604920295183,0.37289759506632647,3.5478909424574887,-0.18106367623540362,0.3730949860065982,1.323,-1.65,2.973,-0.0031253906249999993,0.36874593151866253,0.368759176262944,3.566012955464295,0.010736609671337714,-0.15521962021681457,1.315,-1.227,2.542,0.057345658223018035,0.035726400685427664
0.01482734375,0.3473945948986819,0.3477108780114594,3.560429305749818,-0.04785226083505737,0.04966693863797467,1.238,-1.204,2.442,0.007331640625000001,0.3670377713006808,0.3671109893691893,3.3259696259653175,0.04401066208816976,0.09875924777743172,1.221,-1.215,2.436,0.05814239783454726,0.0321455594267349
-0.00035742187499999793,0.35460418071982497,0.3546043608507586,3.5109551304248625,-0.005047698704854486,-0.014977671336068532,1.245,-1.064,2.309,-0.006217968750000001,0.3824753180217961,0.38252585799034555,2.9566628670330175,-0.05173438761035543,0.06399490413115005,1.131,-1.451,2.582,0.056918377138901285,0.03737508282715878
-0.0016273437500000016,0.3568275813976119,0.3568312922008803,4.200864758116923,0.10616501352984108,0.21540482277556405,1.499,-1.116,2.615,0.009867968750000001,0.37376559926342745,0.3738958411108634,3.597258519923456,-0.02491153336040995,0.22573018398349776,1.345,-1.348,2.693,0.06008491163696624,0.03364087673082006
0.006202734375000001,0.34493133815209975,0.3449871040388684,3.1769303465804852,-0.05774264551258312,0.04635576609945291,1.096,-1.17,2.266,0.009133593749999998,0.3920131008208909,0.39211948912289474,4.376217065462375,0.09767443263028795,0.39156259393893666,1.716,-1.378,3.094,0.05532163172089886,0.03985066222626417
0.0007539062499999971,0.3561972038514848,0.35619800168761473,3.5991218196791364,-0.04198960910342932,0.2453492657549865,1.282,-1.24,2.5220000000000002,0.006674609374999999,0.3900104565653543,0.39006756676327886,3.794214454384952,0.01672402727153031,-0.027436009979526332,1.48,-1.559,3.0389999999999997,0.05737866025378348,0.034931248498808534
0.0028964843749999998,0.34546127087582534,0.3454734132995982,3.7832144231213407,-0.08855494116967715,0.6456637272274173,1.307,-1.802,3.109,-0.004310156250000001,0.3752656318237797,0.37529038340330545,3.3760524011040793,0.05948447757714407,0.10415809321003788,1.267,-1.301,2.5679999999999996,0.06075560235285972,0.0412783371769712
-0.009724609375000002,0.3535011430595079,0.3536348769166794,3.695902427372696,0.0025650704048991472,0.01029273527478125,1.307,-1.159,2.466,0.007225781249999999,0.37594686267353944,0.3760162968127179,3.6248428899316245,0.0616772782584523,0.1782683857603744,1.363,-1.289,2.652,0.058310941043507536,0.03442437608226912
0.01855078125,0.3395570675288097,0.34006342583957777,3.7816474877444195,-0.06772605242295886,0.15329474165542534,1.286,-1.16,2.4459999999999997,0.009221875000000001,0.384957909618356,0.3850683512783802,4.1135554109843415,0.012241333007976732,0.3737431759555432,1.584,-1.401,2.9850000000000003,0.06579594632220935,0.037811551615006676
-0.010973828125000001,0.33145324734328363,0.3316348595641372,3.7209598581458776,-0.026990999242354975,0.05712662168015825,1.234,-1.08,2.314,0.0058859375000000005,0.36674935065858816,0.36679657913992325,3.3887993255406785,-0.00788027697981393,0.01745531700631542,1.243,-1.45,2.693,0.05219070132948859,0.034732113400185234
0.013927343750000001,0.3482363312139033,0.3485147246261627,3.276762556373984,0.03509477516425844,0.23798517309410272,1.142,-1.405,2.5469999999999997,-0.0008781250000000018,0.3887733875475974,0.3887743792596806,3.2332377519157216,0.030004563989513875,-0.05616648435803118,1.257,-1.49,2.747,0.06161309611713528,0.035469502925848544
0.00785,0.3720911264814709,0.3721739229261637,4.030373724753381,-0.4635089264487842,3.3252227071454534,1.5,-2.707,4.207,-0.012071875,0.3742965051135722,0.3744911266054911,3.6529570470734387,0.047233647986617826,-0.06130472572773904,1.368,-1.162,2.5300000000000002,0.05396906562667839,0.03917017771961849
-0.00625625,0.3477763716074419,0.34783263980325363,2.9640691586136647,-0.16738701700832723,0.3350143870107809,1.031,-1.592,2.623,0.009172656249999998,0.4077398132952794,0.40784297587276164,3.062453134879198,-0.02562658691916749,-0.015048977500881744,1.249,-1.405,2.654,0.06025598920800983,0.034668551094252806
-0.008321484374999999,0.35442962234366304,0.3545272969700288,3.548386854133687,-0.04903857074174104,0.4194944546656365,1.258,-1.408,2.666,-0.003205468749999997,0.3711950895436829,0.3712089297568823,3.8199512089558234,-0.010584924030730816,-0.003817052893262396,1.418,-1.208,2.626,0.06501506532580373,0.03920776300227925
0.004050000000000001,0.3539846856238981,0.35400785324092743,4.451878639334649,-0.0034128072743621887,0.4615167935449134,1.576,-1.591,3.167,-0.002230859374999999,0.3832210445285775,0.3832275377672187,3.27481685505157,-0.01442350110824244,-0.17703644014262165,1.255,-1.195,2.45,0.05512965208970057,0.03689753016285584
0.0063289062499999995,0.34148143197424174,0.3415400758878817,4.08736806762984,-0.07658522673887948,0.10460644631515414,1.396,-1.214,2.61,0.008440624999999997,0.39118662274975535,0.39127767374174316,4.114724933328692,0.018406379166254865,0.11194741081568083,1.61,-1.329,2.939,0.06311076961818997,0.03855717848467828
0.004627343750000002,0.36657539325467464,0.3666045979662558,4.15433960307335,0.14358393799231725,-0.005884360872293826,1.523,-1.202,2.7249999999999996,-0.003664843750000002,0.3962017549671355,0.39621870440294715,3.5434975290115474,0.0321038279350134,0.08026188111318833,1.404,-1.296,2.7,0.06096190017594828,0.03926122121772845
0.014171093750000002,0.3410184465438471,0.3413127609411198,3.0880767454863096,-0.003552635651584364,-0.02468601695644379,1.054,-1.242,2.2960000000000003,-0.005345703125000003,0.3714953119724048,0.3715337714924109,3.4155710661309855,0.0521288237943268,-0.10146456407105875,1.269,-1.181,2.45,0.05947333807951518,0.035528933972806445
0.0017078125000000006,0.3462738323497963,0.34627804376505017,4.0285545824167475,-0.17678803572915394,1.220963552549434,1.395,-1.914,3.309,0.004542968749999998,0.3836043062567032,0.3836312061651789,3.8005250265595794,-0.04168904955977041,0.15335362088471616,1.458,-1.295,2.753,0.06114103243012431,0.03796576601875213
-0.004508593749999999,0.3582967257401991,0.35832509135385704,3.189840810983712,-0.08684161880307031,0.12582301658226758,1.143,-1.409,2.552,0.005351171874999999,0.3757903646485487,0.3758284624707461,3.6426192710366125,-0.015663655499239516,0.1722381056903437,1.369,-1.434,2.803,0.05952714077256963,0.03655709442292797
-0.0022332031249999995,0.3299963244218449,0.33000388077737053,3.4726864341729433,-0.05483082003266764,0.08837776062581915,1.146,-1.31,2.456,-0.0085109375,0.3685759004759007,0.36867415215709115,3.3878154806681544,0.020750633194378837,-0.0037658914705605007,1.249,-1.209,2.458,0.06180114853881387,0.03372968009267912
-0.007992968750000003,0.34107113895133595,0.341164783315922,3.449945766852748,0.006885355448863769,-0.04003491333536857,1.177,-1.029,2.206,-0.004530468750000001,0.3691349810406828,0.3691627816763223,3.4402167906338983,0.013985825421434414,0.07532635793318976,1.27,-1.242,2.512,0.05553496215272313,0.040077074061276884
-0.0166515625,0.33618085092522537,0.3365929872449811,3.2621000484506446,0.051844868729581786,0.026737740169172408,1.098,-1.224,2.322,0.0012273437500000001,0.37586412609288655,0.3758661299668407,3.2085891860125693,0.006281572544550981,0.1367353527079409,1.206,-1.458,2.6639999999999997,0.06025713080806512,0.03446482323308086
-0.007082421875000003,0.34907231387781174,0.3491441550643874,3.396877715971742,-0.12007792124275057,0.07221035659195696,1.186,-1.371,2.557,-0.004782421874999998,0.3851203372247881,0.38515003012219146,3.2766452065435954,0.006198255211324872,0.11380303635654165,1.262,-1.563,2.825,0.05786556485109005,0.042687636902385036
-0.007015625,0.33992973847489333,0.34000212660180523,3.461743053679332,-0.011909799511096712,-0.049738619359339875,1.177,-1.174,2.351,-0.010545703125000002,0.3865226862342292,0.3866665214731229,3.4293116325359705,0.0383217768166262,0.10340898414392674,1.326,-1.326,2.652,0.06432740880553094,0.038894344384807385
0.020598828125,0.3461442567528771,0.34675662676165975,3.0395958394313776,0.014400474536897528,-0.10497861035053457,1.054,-1.194,2.248,-0.011655859375,0.3729876808727806,0.3731697591453854,2.995955520512668,-0.07420249283618928,-0.08032710443108115,1.118,-1.237,2.3550000000000004,0.062103020223671826,0.036589997405179445
-0.0016253906249999999,0.34302828313011036,0.343032133949394,4.0025404739561585,-0.16430612153632276,0.414935534320076,1.373,-1.61,2.983,-0.005942968750000001,0.373691921529201,0.3737391752194972,3.4141457053588367,0.05993810021556853,0.01731593129242759,1.276,-1.367,2.643,0.05706566070758231,0.03995510074817689
-0.007290625,0.3514236724643907,0.351499289873038,3.4879160081456573,-0.0059884079027139984,0.09144074383045364,1.226,-1.132,2.3579999999999997,-0.0028093750000000002,0.3855205829940982,0.38553081913123366,3.109997801736996,-0.1366672284519786,0.06647840401947791,1.199,-1.674,2.873,0.0573225304522725,0.03350421920623306
-0.0037054687500000043,0.34550247484836166,0.34552234461030157,3.0446656096482023,-0.09037581053911353,0.09989602662858754,1.052,-1.291,2.343,0.006803515625000004,0.41848565171432744,0.41854095201739216,3.206376803826437,0.028197583680304884,-0.0014424277354998516,1.342,-1.558,2.9000000000000004,0.06138111775027396,0.039693551828047305
-0.015344531249999998,0.36100622296155477,0.3613321846393565,4.156839783035483,-0.009914414097719846,0.27917555058327137,1.502,-1.532,3.034,0.011826562499999999,0.3933645141763344,0.3935422576976328,3.0644739577791325,-0.03517452486171744,0.03365897884427271,1.206,-1.48,2.686,0.06163352153036282,0.03837511507540712
-0.006223828125000002,0.32720727897862456,0.32726646551873445,3.385620333093897,-0.09176994476231878,0.1903879118573677,1.108,-1.272,2.38,-0.00782109375,0.36917728425690516,0.3692601206720677,3.8671925833772267,0.06447185314500453,-0.007833629027823807,1.428,-1.171,2.599,0.06634259777022157,0.035650147596453026
-0.0077753906250000015,0.34355396447101827,0.3436419404018156,3.4134366679120363,-0.039767050789532764,-0.04654830405456911,1.173,-1.176,2.349,-0.007703515625000002,0.38654866889583306,0.3866254228295457,3.6547001737724822,0.0035005603250567955,0.07514146307842795,1.413,-1.49,2.903,0.0627010103950494,0.04312545852778728
0.01334609375,0.3249139221110973,0.32518790721673524,3.3457578706174225,-0.04314215004061575,-0.07822562283377854,1.088,-1.106,2.194,0.011564453125,0.34981506127637596,0.3500061623341438,3.7285057820043264,-0.058012087300365216,0.21976007389447405,1.305,-1.189,2.4939999999999998,0.060549229468172226,0.03649501108729712
0.001846093750000001,0.32918100748352147,0.3291861840205326,2.9891898498954745,-0.1286855500056382,0.27007678681718383,0.984,-1.605,2.589,-0.013732031249999999,0.3733004006564271,0.373552884893826,3.2900294702564423,-0.05708213155127558,0.08645128259923673,1.229,-1.53,2.7590000000000003,0.05972982834399117,0.03822744856003964
-0.006625000000000001,0.34734657359401144,0.3474097477223401,3.5491232128162657,-0.08491719749873773,0.24330352262826427,1.233,-1.294,2.527,-0.010223437500000002,0.3900794711666888,0.39021341916956165,3.2469411295397896,-0.039009893504207145,0.0752628822368937,1.267,-1.365,2.6319999999999997,0.05843145618171003,0.0413354518115724
-0.0271625,0.34939028387857324,0.35044453466276226,3.398540659639952,0.05397752939464065,0.018554676312815044,1.191,-1.255,2.4459999999999997,-0.0066746093749999996,0.3845700714097057,0.38462798940583487,3.119897753290743,-0.02684839720831304,0.011628307285300732,1.2,-1.359,2.559,0.059099787435342964,0.034149112549630156
-0.002096874999999998,0.3363336698729914,0.3363402063015958,3.2764444433141553,-0.1599408783349568,0.18083135432068742,1.102,-1.333,2.435,-0.0032058593750000017,0.3652345899128295,0.36524865941317974,3.509937591720946,-0.025830960040759368,0.08698941181914899,1.282,-1.275,2.557,0.05895531023231145,0.040228004587160665
-0.0016753906250000013,0.3412452490795713,0.3412493618354839,3.859347876626726,-0.12970066009868175,0.2633191175410592,1.317,-1.415,2.732,-0.011775781249999997,0.3734151328544441,0.37360076347452775,3.921298196436594,-0.04067677610460108,-0.10069778469881374,1.465,-1.23,2.6950000000000003,0.05859524801381853,0.03981369854164428
0.017353515625000003,0.3296459103319468,0.33010236397688064,3.550413834909959,-0.0662480576477481,0.15144024483592444,1.172,-1.511,2.683,-0.00519921875,0.3776321811209151,0.3776679707014483,3.722846810092514,-0.0004683171102006862,-0.1359971149910999,1.406,-1.247,2.653,0.06088007281761441,0.04072070094849322
-0.007219531249999999,0.3518182839635119,0.35189235081555836,3.8136663013269048,-0.04056714776670269,-0.02556654701306149,1.342,-1.26,2.6020000000000003,-0.0074624999999999995,0.3767769671420348,0.376850861581873,3.8291009709858397,0.027544192080969497,0.08341912015487418,1.443,-1.466,2.909,0.058472639269212756,0.04138034383529393
0.00960234375,0.3441169218913927,0.3442508691891714,3.6281680361238373,-0.024518718800368745,0.15675248940680797,1.249,-1.425,2.6740000000000004,0.000751171875000004,0.3600420106219401,0.36004279422295765,3.902313898636031,0.03875223347293262,0.006556375267789516,1.405,-1.362,2.7670000000000003,0.05945538043258738,0.037056608504666994
0.0013691406250000045,0.3432043909532248,0.3432071218894285,2.957397837236617,-0.11916355899964272,0.06708556209508787,1.015,-1.424,2.439,-0.011624609375,0.3785247774304262,0.3787032329831302,4.161569964918163,0.07198150538833324,0.13773567251344287,1.576,-1.211,2.787,0.06203792103969402,0.03757345606702257
-0.025534765625,0.34087457766398677,0.3418296387868159,3.013196876828945,-0.09719039511605257,0.14971387795704416,1.03,-1.322,2.3520000000000003,0.001405078125,0.3786864730830607,0.378689079774721,4.2594309848056895,-0.0033498830809396305,0.14700985629929209,1.613,-1.52,3.133,0.06606507078938559,0.03773630660770542
0.004202343750000001,0.3577623082624228,0.35778698817348015,3.6306518765018754,-0.004366106085444341,0.051673083253429564,1.299,-1.209,2.508,0.0020417968749999967,0.3775569672081237,0.3775624881021352,3.32925022906398,-0.029287311947012885,-0.012997175691311202,1.257,-1.313,2.57,0.06143411243421365,0.035669324863901716
0.024201171875,0.339075797778685,0.33993836700110064,3.059378113670331,-0.07072043053098719,-0.13349326666813832,1.04,-1.143,2.183,-0.003135156250000002,0.3786285001261634,0.378641479915368,3.0345328257665236,-0.07314799066053246,0.03473749193868292,1.149,-1.417,2.566,0.061015691080180526,0.041730517725184366
-0.016157031250000002,0.34368963042247364,0.3440691961201264,3.554517561557614,-0.0929600382363596,0.3582597295298182,1.223,-1.583,2.806,0.0011257812500000016,0.3898538676033972,0.3898554930596079,3.0908888586975958,-0.003541517929430809,-0.06739883069890196,1.205,-1.164,2.3689999999999998,0.06399764938271374,0.03976203224096651
-0.004747265624999999,0.3337201587085514,0.3337539226127163,3.478610800770151,0.014501257527837262,0.07113254470331576,1.161,-1.399,2.56,-0.0039816406249999995,0.39022507534570144,0.39024538804529774,3.771985640555828,-0.03916451423492965,0.12610908713130398,1.472,-1.48,2.952,0.06146551577434127,0.039605331944013514
-0.012555859375,0.3347809031735983,0.33501627234266546,3.193874710973948,-0.1013625149674993,0.12194847653981267,1.07,-1.297,2.367,0.0002871093750000008,0.3797090292119503,0.37970913775793574,3.1076418307116143,-0.0006514082183822679,-0.06001717697700615,1.18,-1.287,2.4669999999999996,0.05933738109026928,0.040051680312197226
-0.009289062500000002,0.32633182528351584,0.3264640054814619,3.4766466775598337,-0.08022287896771002,0.057694990106832655,1.135,-1.368,2.503,-0.007311328125,0.374468775229222,0.3745401435635772,3.201258985464326,0.003037717281439911,0.06621780698853375,1.199,-1.637,2.8360000000000003,0.06361890530692627,0.038772453681029447
-0.02338125,0.3281118484864384,0.3289438675043966,3.1829138750732477,0.028813659432587083,0.3256551667458569,1.047,-1.398,2.445,-0.006698828124999999,0.38178945481918,0.3818482186803744,3.2447447425101217,-0.061074045252164734,-0.05162881331384961,1.239,-1.539,2.778,0.058222175614431285,0.038508894821630654
0.027765625,0.3324024348017165,0.3335600524549515,3.6005510586799043,-0.13529476007665908,0.2829804625096717,1.201,-1.259,2.46,-0.006636718749999999,0.36784101957636994,0.3679008857270529,3.326983020389058,-0.06582634594831735,-0.051296229305541896,1.224,-1.368,2.592,0.06088559232781565,0.03911987423032791
-0.012989843750000002,0.3379777415793836,0.3382272754284462,3.352775137852251,-0.13368631194400052,0.08467327859876006,1.134,-1.208,2.3419999999999996,0.007616796874999998,0.38690918421154075,0.38698415009128606,3.511771734525624,-0.037695035583097065,-0.001955532538467253,1.359,-1.506,2.865,0.05926335273823362,0.03832120114638666
-0.0029808593749999987,0.3453783930694876,0.34539125629042056,3.4337869833125065,-0.11780700448904188,0.3091589314188141,1.186,-1.376,2.562,0.008020703125,0.3809196642167553,0.38100409743941727,3.4881514632826796,0.06531280040478576,-0.19103011032994788,1.329,-1.053,2.3819999999999997,0.06263394300231058,0.04396038134978365
-0.008920703124999999,0.34509844774191695,0.3452137273894609,3.45293337265009,-0.08562518845033165,0.07300061863718987,1.192,-1.219,2.411,0.002448828124999999,0.36854977153729074,0.36855790706397146,3.893553692638383,0.04653819674865712,0.06268558583623696,1.435,-1.308,2.7430000000000003,0.05905462434692612,0.038197204380413845
0.0054007812500000045,0.3594082119427569,0.35944878807696656,3.499803147842669,0.060547810271140784,0.14468227058373495,1.258,-1.331,2.589,0.0007035156249999997,0.3880266360704383,0.3880272738279811,3.912096139594957,0.0069473483829434295,0.16421833163467525,1.518,-1.474,2.992,0.062107436283048746,0.038055021178870004
-0.0032601562500000026,0.3300140981457847,0.33003020103279945,3.426959097866312,-0.06394405102889593,0.15016694821436882,1.131,-1.534,2.665,0.0006402343749999997,0.4047889272779334,0.4047894335909412,3.2313096426370547,0.03338242081458981,0.0689831023347276,1.308,-1.353,2.661,0.06386184783529951,0.039097411464618086
0.008413671875,0.3228861332535896,0.3229957351450248,2.9628874188394714,-0.11872684618671145,-0.0380880357651443,0.957,-1.147,2.104,0.007175781249999999,0.3644166029521736,0.3644872457902334,3.2977834310607532,-0.021849201476765244,-0.019112159606407886,1.202,-1.18,2.3819999999999997,0.06237904715658429,0.03671270402208096
0.005237109375,0.34769044077637407,0.34772988068596433,3.7586646204280463,-0.08897854241889684,0.09677886318616657,1.307,-1.218,2.525,-0.005994531250000001,0.3737243876693663,0.37377246065454045,3.4807272791626307,0.07704541549367805,-0.05010540713060241,1.301,-1.216,2.517,0.058760441935113074,0.04050127191134309
-0.008675,0.3445270022980782,0.3446362008517097,3.8823547749579435,-0.20074270906436437,1.041767704384828,1.338,-2.037,3.375,-0.005600000000000001,0.39444457409279954,0.39448432418950435,3.282766692087621,-0.04397201604605856,0.20719056066563857,1.295,-1.553,2.848,0.060357551629757325,0.038915645966761434
-0.016986328125,0.3362879001186406,0.3367166273134949,3.023313722646095,0.04488844834963285,-0.20530154306699755,1.018,-1.137,2.1550000000000002,0.003550390624999998,0.3662365854516516,0.36625379424229176,3.2545737921050546,-0.04428037632038788,-0.03577078815884516,1.192,-1.191,2.383,0.05575866934614328,0.03692910348327562
0.009010546875,0.3499383465314118,0.3500543333942961,3.8394039775709277,-0.23760538142759227,0.8660395886275731,1.344,-1.93,3.274,-0.00016601562499999923,0.3910742398965793,0.3910742751343726,3.3165055399114465,0.01908270333360559,-0.03901110589737078,1.297,-1.274,2.5709999999999997,0.05815270805191208,0.040072028457307944
-0.010338671875,0.3482925232986434,0.3484459354360085,3.3348071589527817,-0.12136467881438764,0.6746649104997986,1.162,-2.025,3.187,-0.0028417968749999997,0.3967287678076122,0.39673894567539625,3.503563275427136,0.029596042302465438,-0.014387172052825914,1.39,-1.35,2.74,0.05961724782400789,0.039254554435768335
-0.0024402343750000006,0.3310290258562232,0.33103802002659,3.55246204017756,0.04226752463316265,0.001844415682084044,1.176,-1.072,2.248,0.0018820312499999987,0.37418420971778593,0.37418894270642206,3.4581460121210355,-0.06910116233217198,0.07963124310454317,1.294,-1.364,2.6580000000000004,0.05604811763821914,0.037532482158469514
0.01743515625,0.32341760158352245,0.3238872175426193,3.6185435439290843,0.036481989850505665,-0.11343393153959225,1.172,-1.138,2.3099999999999996,-0.0005992187500000003,0.3698473105544904,0.3698477959749118,3.501440360314719,0.018555750991351712,-0.06532287203611764,1.295,-1.227,2.5220000000000002,0.056939087936733836,0.040246215813959825
-0.001310156250000001,0.3556630569135633,0.35566547001712157,3.9194133744073985,-0.010451711872438176,0.14523543280928575,1.394,-1.49,2.884,0.0016441406249999985,0.3940781949749697,0.3940816247341723,3.402848333526262,0.00872269738170322,0.0392764674143935,1.341,-1.365,2.706,0.05681991229417371,0.04105326583357619
0.020218359375,0.3279892867778738,0.3286118596412415,3.484353855183564,-0.1133813985509777,0.19659198025238123,1.145,-1.556,2.701,0.0008859374999999968,0.39167460022127565,0.39167560218087366,3.860337461871742,-0.017415535968043933,0.15623724578824216,1.512,-1.384,2.896,0.05752017652893737,0.0432351863420178
0.002710546875000003,0.34335029404387213,0.34336099295693884,3.9579335680987886,-0.12342864256222053,0.26883809962437066,1.359,-1.474,2.833,0.015873437499999997,0.39390113616957695,0.3942208405116985,4.0484922053547265,0.026337687059643,0.03330172294172806,1.596,-1.258,2.854,0.05942538681077708,0.04195812192534036
-0.010608203125000003,0.3534928051489645,0.35365194367573466,6.017215621331844,-0.3538040158573431,5.17472308047674,2.128,-3.215,5.343,0.0013421875000000018,0.4131254095325835,0.4131275898179036,3.88741889813722,0.08375763821972644,0.21166673803011538,1.606,-1.369,2.975,0.059544238119681056,0.03949578448726271
0.0016117187500000016,0.3215300943635306,0.3215341338314643,3.1287502449967137,-0.08720823568091064,0.06705691591528984,1.006,-1.121,2.127,-0.0030121093750000013,0.37540866827064345,0.3754207519778641,3.3162791173392803,0.045334916469670875,-0.17943295321638475,1.245,-1.247,2.492,0.06074687596354685,0.040260323136068976
0.008144140625,0.3371229235035868,0.3372212813244813,3.8906204105712012,-0.0711131687692552,0.1963283177918198,1.312,-1.528,2.84,0.011465234375000001,0.3753044872718035,0.3754795730337737,3.5661061111294043,0.003163883384938551,-0.0348052017219076,1.339,-1.215,2.5540000000000003,0.059955136182097656,0.03925938493806068
-0.017178125000000002,0.3188585126415545,0.3193209029526567,3.6139193811909482,-0.054129719514108166,0.042806596381474105,1.154,-1.123,2.277,0.003937109375000001,0.37203291965953,0.3720537516819646,3.564001153073921,0.06493112220236193,0.0106182161517685,1.326,-1.295,2.621,0.06256448833165613,0.039034755512246645
0.0029449218750000005,0.3440084206102739,0.34402102554295283,3.5782696655158457,-0.17900966871935628,1.1389747823917542,1.231,-2.184,3.415,0.006903515625000002,0.3768683556464252,0.3769315800190069,3.706242920610568,0.11809193661261017,0.08498538163752034,1.397,-1.271,2.668,0.060372631317048564,0.036950457017165254
0.00356484375,0.32413597361144303,0.3241555760742055,4.45773605840799,0.013415116331331285,0.5796741770789797,1.445,-1.664,3.109,0.0012218749999999986,0.38995172776926423,0.38995364207652944,3.28244145428137,0.0711904071745688,0.05171035782890954,1.28,-1.5,2.7800000000000002,0.060098840899241446,0.037363620926118904
-0.004871484375,0.32787378759685737,0.3279099753791046,3.6259952098906676,-0.05898904873248975,0.39616160967544634,1.189,-1.453,2.6420000000000003,0.0038468749999999996,0.37181320283542163,0.37183310268183495,4.050204215649496,0.01943488811157914,0.004231068896431989,1.506,-1.602,3.108,0.060627497012133214,0.036892706321926684
0.0029531249999999983,0.34565940740522944,0.34567202211778725,3.4888562649975103,-0.04706916604585751,0.06493764144465253,1.206,-1.435,2.641,-0.00025820312499999986,0.39153281328392037,0.3915328984221824,3.2385528907273073,0.01602398373657221,-0.10747917609641933,1.268,-1.18,2.448,0.05863384855690684,0.03562403595126549
-0.0033585937499999996,0.3441136581011751,0.34413004786526563,3.7979827919929816,-0.3194682579868934,2.347750869196868,1.307,-2.652,3.959,-0.0020976562499999993,0.3732263961820048,0.37323229089770626,3.8153183278300085,0.005966613114190754,0.07272165726117485,1.424,-1.286,2.71,0.05331850967262943,0.03936665494456985
-0.01170859375,0.33972566288094497,0.33992737045948507,3.427202694579291,-0.22922581753147914,0.2670261056245469,1.165,-1.385,2.55,0.003005078124999997,0.37706349501256103,0.37707546958881455,3.1532149288219573,0.06118122426277627,0.010247711705642537,1.189,-1.66,2.849,0.0657743885999534,0.039878214566221384
0.016092578125,0.3209934159292302,0.32139655278273443,3.2669921033963454,-0.052502658839900206,0.07362721740320799,1.05,-1.235,2.285,-0.009282421875000002,0.38988303274477015,0.38999351607190214,3.4436469957936287,0.07365919221505357,0.03582065889081143,1.343,-1.305,2.6479999999999997,0.05513670332495566,0.035485748266015124
0.0048285156249999964,0.31458731630102976,0.3146243699089837,3.7409689539958055,0.03516688252927696,0.15222297521508388,1.177,-1.35,2.527,-0.0028937499999999996,0.3713561733173928,0.3713674477522229,3.1478257102920857,0.019345618949098874,0.03307558692633705,1.169,-1.322,2.491,0.058477401716358526,0.038812857197930525
0.010387109375,0.32294079576325874,0.3231077987442813,3.3332528777876234,-0.14367773144578,0.10056103238094227,1.077,-1.22,2.2969999999999997,-0.012863671875,0.37325552335031476,0.37347712080611445,3.6682300566176234,0.0023834803709751064,0.07752780811630933,1.37,-1.403,2.773,0.06646268223509373,0.03914483457670675
0.005384375000000001,0.34005538943069163,0.34009801436497683,3.7224563112014812,-0.04928205558156841,0.347002050984051,1.266,-1.506,2.7720000000000002,-0.001541015624999999,0.37881883228361085,0.3788219666569971,3.518803335940019,0.009399371446111974,0.046017971972389216,1.333,-1.273,2.606,0.06189460615916727,0.04125976027373478
-0.018912890625,0.399171386659392,0.39961918542454267,12.764652414224958,-0.24873675031366665,34.44781630844036,5.101,-5.602,10.703,-0.0007550781250000013,0.8385868781006832,0.8385872180433143,19.328937588412874,0.12298477345278515,144.72756745926313,16.209,-15.542,31.750999999999998,0.061603057716021356,0.03813590762580787
-0.032558984375,0.3307446788908228,0.3323433918075174,3.3038117413085994,-0.05063979584118068,0.1365116965019344,1.098,-1.395,2.4930000000000003,0.0052625000000000016,0.3769971876967387,0.37703391550031673,3.5116204287433335,-0.06081845973033369,0.05397284894596677,1.324,-1.364,2.688,0.06511796875,0.04105782343183069
-0.0013835937500000003,0.3376354758827706,0.33763831077981954,3.4948640670385913,-0.16765923801927576,0.1562635135240038,1.18,-1.498,2.678,-0.002361328125,0.37796863645693024,0.3779760124870691,3.322962194705329,0.06125565199914214,-0.10300623503319617,1.256,-1.218,2.474,0.06289859246470067,0.04180071639802112
-0.011425390624999998,0.32993793909187097,0.3301357042234678,3.107812898981396,-0.07047694521913261,-0.08994823227011128,1.026,-1.126,2.152,0.0002527343749999994,0.355203137017694,0.3552032269305489,3.6767683989969937,-0.04359864492767232,0.04093481908746055,1.306,-1.188,2.4939999999999998,0.05582621432992518,0.03915134074518305
-0.040854296874999994,0.321199243712099,0.3237870098295715,3.6011327341814474,0.03041688879071098,0.02315698056677995,1.166,-1.147,2.3129999999999997,0.00020820312499999946,0.37093354990932503,0.3709336083410008,2.7821690372452803,-0.03900357412626553,-0.17158274280149843,1.032,-1.351,2.383,0.08170859374999999,0.041761773143373565
-0.0068890624999999985,0.3220769466569613,0.32215061500794934,3.3276360499064936,0.02594448098039333,0.17514089605398375,1.072,-1.177,2.249,-0.017537109375,0.38803256270143655,0.38842865486711325,3.6325847290610485,-0.01764942456142299,-0.0735630687888924,1.411,-1.588,2.999,0.06197823165504707,0.03877797356715035
0.011813281250000002,0.3422178210016369,0.3424216561857617,3.3233879325162823,-0.2821308335285093,0.7930920772429433,1.138,-1.857,2.995,-0.007335156249999998,0.37167660066620833,0.371748974443777,3.531953254113353,0.04598182834988864,-0.04419301717548185,1.313,-1.248,2.561,0.060419334374072674,0.03947629525236055
0.028627734374999998,0.35839642976936786,0.35953796468088733,3.2319257328815008,-0.15460906283965925,0.3827391860069489,1.162,-1.602,2.7640000000000002,-0.0030003906250000005,0.3781537163680564,0.3781656192025856,3.9189178622980094,-0.12901678545892734,0.152962319337286,1.482,-1.408,2.8899999999999997,0.0644495372476375,0.0389713116420104
0.012030078125000005,0.33829377065973504,0.33850760411972286,3.878790266512359,0.01724182316698006,-0.02453614291307149,1.313,-1.278,2.591,-0.0015339843749999998,0.3634300187554163,0.363433256101619,3.7283324441314494,-0.025025801589207055,-0.020278827266120292,1.355,-1.242,2.597,0.06443851544781533,0.04032860876118107
0.007506250000000003,0.32945405591817734,0.3295395556682081,3.213574764500314,-0.17703438424506993,0.283366894419089,1.059,-1.492,2.551,0.0023605468749999985,0.37733338428580093,0.37734076784535886,3.3789086911555715,0.03405701652678781,-0.02059462731111905,1.275,-1.307,2.582,0.06447166791472228,0.04021036831432827
-0.004827343750000002,0.3330416627031359,0.3330766463499805,3.557739676395266,-0.0453609791676728,0.3494798326511286,1.185,-1.542,2.7270000000000003,-0.0038761718750000007,0.38277242736509964,0.3827920530253665,3.693911586785994,0.04123254052864271,0.001305449340334608,1.414,-1.367,2.7809999999999997,0.06573674417897553,0.040572846732638175
-0.001034375,0.337422463880014,0.33742404932443687,3.6808283300690388,-0.08241981911067917,0.412204849377674,1.242,-1.337,2.5789999999999997,0.004475000000000003,0.3799697307023284,0.3799960813942691,3.7316174282564205,-0.08641739756384266,0.019359663557481532,1.418,-1.413,2.831,0.0687016392296986,0.0411216171727855
-0.0019429687499999994,0.3010486228334827,0.3010548927313755,4.078990342454646,-0.08828538713147317,0.15760681304267088,1.228,-1.003,2.231,-0.004574609375000002,0.3670049587484359,0.36703346822445904,3.6590668597521177,0.03991995417991843,-0.0790558462389801,1.343,-1.189,2.532,0.06555874872247522,0.03983764658311648
0.0009085937499999988,0.31689134241076616,0.3168926449722366,3.6700126003299696,-0.03186891431641135,0.05360698944479614,1.163,-1.168,2.331,0.002148046874999999,0.3628796378935415,0.3628859954629346,3.524522896973129,-0.02250890606328966,0.00526005728372958,1.279,-1.171,2.45,0.0645355465712848,0.0408718654096717
-0.013146093750000004,0.32470005471452607,0.3249660679401774,3.3049604434322397,-0.10142138506973368,0.318372448751743,1.074,-1.536,2.6100000000000003,-0.006326562500000003,0.35834214239073753,0.358397986052168,3.451470287614685,-0.0635673896639302,-0.04662808414225195,1.237,-1.255,2.492,0.06563867131931368,0.0389634629586048
-0.019217578124999996,0.34126972917383774,0.34181039094704974,3.2327864490555434,-0.20697441225590463,0.3952392425752733,1.105,-1.625,2.73,0.003511328124999999,0.3846356807459802,0.38465170781906716,2.9689196142531493,-0.04434801452046086,-0.018974845831314813,1.142,-1.326,2.468,0.06896067699016353,0.0407757593972521
-0.011167578124999997,0.3307385090531446,0.33092699522987695,4.248671218325143,-0.021927651486267023,0.12027945580023891,1.406,-1.258,2.6639999999999997,0.00413125,0.38340501283523604,0.38342726962717455,3.8860042517288904,0.018816879412580423,0.2333645544807159,1.49,-1.402,2.892,0.06423899551529352,0.041410688619358156
0.0003839843750000009,0.31893450636905807,0.3189347375198804,3.342376588669813,-0.02290752592688647,0.07636973610016629,1.066,-1.237,2.303,-0.004091406249999998,0.37058213738812,0.37060472225303603,3.0409758222954415,-0.01112567436457308,-0.04335671262928331,1.127,-1.326,2.4530000000000003,0.06379276722926941,0.04026174935009405
0.006140234375,0.3372787507758902,0.3373346383090906,4.111644173134481,-0.021523328475484885,0.5696701965367015,1.387,-1.377,2.7640000000000002,0.0017519531250000005,0.36967326974420645,0.3696774211432516,3.732984275134412,0.05001162169312206,0.18703616469844597,1.38,-1.214,2.594,0.06575442325299344,0.03939463694136096
-0.009929687500000001,0.3371938584570489,0.33734003153346626,3.6135646115248186,-0.27157533635261716,1.6058881876088833,1.219,-2.353,3.572,0.0023042968749999965,0.36749289956615067,0.36750012383076147,4.070746927663424,0.06051323997975945,0.04019107607286232,1.496,-1.412,2.908,0.06937803132246148,0.039345726331393674
-0.00030976562500000004,0.4252391677025796,0.42523928052700516,13.303098417881806,-0.26772151181803516,28.844108885530666,5.657,-4.732,10.389,0.005379687499999998,0.6179861569747355,0.6180095721346069,11.818587169729366,-2.17998979606995,92.90620263416152,7.304,-12.328,19.631999999999998,0.07023125649076828,0.03992307490507537
-0.0064062500000000005,0.34735215014583903,0.347411220673714,3.097194149093334,-0.2688266515459335,0.2490626328722283,1.076,-1.371,2.447,-0.0003906250000000028,0.38162108240650094,0.381621282327126,3.9201167997691173,0.031614269746141954,-0.0036623431126079353,1.496,-1.375,2.871,0.0681829312101628,0.04085115470169172
0.010747265625,0.3375195188110766,0.3376905821856378,3.230768216687332,-0.12517323455806556,0.3727260524220677,1.091,-1.413,2.504,-0.008116796875,0.3813068226495757,0.3813932031258882,3.4741049109956244,-0.0778579711619657,0.17550194896221916,1.325,-1.337,2.662,0.06493156553746472,0.03981668613933757
0.009142968749999996,0.377124452929582,0.3772352672736206,13.38156964083246,0.09026395055295186,29.653138318485468,5.048,-4.989,10.036999999999999,0.0013601562500000005,0.7670626471563294,0.7670638530705901,19.136607651682873,-1.029891855665768,160.19200607335964,14.679,-15.777,30.456,0.06550189858018277,0.03898312150776597
-0.008988281250000002,0.3237784239745152,0.32390315995872904,3.5844046725198107,-0.11017190673566496,0.32373022357572623,1.161,-1.201,2.362,-0.007251562500000001,0.37237474508726903,0.3724453462422373,3.396471489745096,-0.030679834011716957,0.15601948763568219,1.265,-1.409,2.674,0.06652728720628695,0.039386327370433134
-0.004471093749999998,0.3537637375098368,0.3537919906615326,4.58461480986929,-0.052348714289801083,0.6283373201159912,1.622,-1.573,3.1950000000000003,-0.00276796875,0.3915580716895631,0.3915678551110267,3.3914939203154297,0.04515951399542151,-0.10543224840741416,1.328,-1.253,2.581,0.06620824464040494,0.03969409334055163
0.0014933593750000016,0.3264135413182212,0.32641695739977267,3.670152462492239,-0.057562168899535686,0.11859379599360365,1.198,-1.18,2.378,0.005238671874999999,0.3679076805329172,0.3679449756120132,3.823941331607253,-0.020890402166652708,-0.051257047048286264,1.407,-1.407,2.814,0.0684070804074974,0.04199485055158736
0.002982421875000001,0.3067136504345454,0.30672815032716677,3.3938847767628553,-0.18965535292408137,0.05033006234441917,1.041,-1.199,2.24,0.011124218749999998,0.34751109048086815,0.3476890942350651,3.9604348333946877,0.01941648095368472,-0.08013029314215192,1.377,-1.107,2.484,0.07583073035797441,0.03902734003877654
0.015641796875,0.334381639261034,0.3347472874936778,3.345807544508192,-0.08532196674357874,0.34639967215733236,1.12,-1.66,2.7800000000000002,0.005215234375000001,0.3644305137845743,0.3644678285485222,3.0619986527876084,-0.0688191042642655,-0.11938636322472007,1.116,-1.297,2.4130000000000003,0.06546288601587572,0.038862324950869886
0.013053515625000001,0.3297461178152108,0.3300043885835081,3.575710023327157,-0.02245450823425276,0.19833954580101443,1.18,-1.255,2.4349999999999996,-0.0033675781250000008,0.36228770998779,0.36230336099824545,4.372026788919772,0.07924419849172656,0.12728621073494129,1.584,-1.215,2.7990000000000004,0.06750021635422901,0.03829275726186514
0.015324218750000002,0.31181051869637455,0.3121868531024329,4.330739704648581,-0.03262429146898474,0.22767528727849617,1.352,-1.133,2.4850000000000003,-0.004678515624999999,0.3614167556397623,0.36144703590654187,3.4693879750731793,-0.1083293591355076,0.1678325762612798,1.254,-1.387,2.641,0.06882234769652992,0.038872797392945364
0.016989843749999997,0.31078148581937853,0.31124554088171286,3.241813512063984,-0.19134123350873175,0.29421971925141577,1.009,-1.726,2.735,0.004407421875000002,0.36465492359803775,0.3646815578993199,3.1835994303844815,-0.04694331252213959,-0.09016344245363239,1.161,-1.265,2.426,0.06869646892708423,0.03906852885057424
0.020003125,0.32598327217854967,0.32659641570292836,3.906962656812033,-0.06160503799397781,0.588013863257947,1.276,-1.673,2.949,0.011036328125000001,0.36274249734955555,0.3629103469479411,3.441621354982108,-0.0083410296148526,-0.058733564916852554,1.249,-1.226,2.475,0.07578200922378733,0.03905818461937033
-0.0044960937499999975,0.31104406839665216,0.311076561868216,2.9960470001427852,-0.07156767825372103,-0.07820241152408469,0.932,-1.035,1.967,0.008703125,0.3617795245245844,0.36188419245664766,3.5038833594587073,-0.03209092612638478,0.07407947514249136,1.268,-1.302,2.5700000000000003,0.07108413495676455,0.041019346331578
-0.023513671874999996,0.316042483497994,0.3169159890895772,3.262694327826221,-0.00911913094270708,0.04705585064345863,1.034,-1.103,2.137,-0.0021328124999999984,0.36357965773278605,0.3635859133770862,3.608500636930024,0.07980106435736382,0.00632876433415186,1.312,-1.112,2.4240000000000004,0.06742700639124663,0.039225247094937674
-0.013066796875,0.3226930003754381,0.322957448701644,3.000395265368801,-0.13491227150694282,0.0014873636488581532,0.969,-1.304,2.273,0.0012480468749999992,0.37097195158579416,0.37097405095825103,3.496201409909295,-0.0003174898886006796,0.06446111650166397,1.297,-1.454,2.751,0.06775080148349118,0.042599733314083225
-0.019823046875000003,0.32495195368425867,0.32555602496440605,3.6184248168308173,-0.08654420491795095,0.1686774615797968,1.178,-1.166,2.344,0.006821484375000001,0.3571028811722844,0.3571680282312864,3.2757691269117712,0.028790556160452143,0.013702506597949693,1.17,-1.223,2.393,0.06855856803217755,0.04292260721086232
-0.005138671875000003,0.32672284566507753,0.3267632534850346,3.3632912767234795,-0.09145451807529781,0.18855003856721675,1.099,-1.261,2.36,0.0020562500000000017,0.3585643770105133,0.3585702729242903,3.444234208062089,-0.06295514676355708,0.051440416039491677,1.235,-1.467,2.702,0.06763592491278043,0.04049219192256326
0.00715625,0.31304069567459997,0.3131224825248101,3.2064130045994017,-0.12204398151423484,0.014900808991094916,1.004,-1.264,2.268,-0.007652734374999999,0.3665036218064027,0.36658350909530146,3.9499867399205906,-0.11434892142461861,0.06363274564195542,1.448,-1.222,2.67,0.07317821994236126,0.04069863292347186
-0.011199609374999999,0.3145212414575086,0.31472057857427277,4.616793749497693,-0.034464912573607044,0.4873878262859157,1.453,-1.402,2.855,-0.0039171875,0.39729329553031706,0.3973126061821472,7.0901349621626455,-0.5569518216073289,11.786305180863742,2.817,-4.658,7.4750000000000005,0.0736785564621232,0.040400514071249075
-0.032974609375,0.40711925528914883,0.4084524609922494,13.967353718816877,-0.33756554132759553,40.230650297408985,5.705,-5.518,11.222999999999999,-0.0086265625,0.7706628364073576,0.7707111164372809,15.359840733481045,-3.2511829418374085,174.05165825934455,11.838,-18.156,29.994,0.07360501013758045,0.040330705545705794
-0.010767578124999996,0.31705645982134956,0.31723924639477535,3.2562175447691155,-0.14025180284533495,0.5809676609278891,1.033,-1.614,2.6470000000000002,0.008188281249999999,0.3674523445124155,0.36754356672032773,3.751936164480094,0.039814576835302234,0.15827977183331976,1.379,-1.323,2.702,0.0759235722574241,0.04234076290458459
0.0028921875000000067,0.33729024167097515,0.33730264136973487,3.788882277382222,-0.015663730797456466,-0.04148761037638904,1.278,-1.177,2.455,0.006044531249999997,0.3704891830212021,0.3705384880059695,3.3680711731621638,-0.06041265129826471,0.10357207504492516,1.248,-1.389,2.637,0.07439707652431529,0.04109244365408025
-0.009252343750000001,0.3413404853626828,0.3414658589266283,4.794037111486881,-0.04331785979195571,0.6518422242347333,1.637,-1.419,3.056,0.0029714843750000015,0.4359837631896217,0.4359938892741216,7.8647891274551585,-1.0592578780950266,25.846690471057762,3.429,-6.031,9.459999999999999,0.07055409723451878,0.04234348799075115
0.010102343749999998,0.3150491995220855,0.31521112840245663,4.542986814131907,-0.19025674230360126,0.7995419410984033,1.432,-1.465,2.8970000000000002,0.0014109374999999966,0.3820413261420433,0.38204393153798427,3.729937534312912,0.07942660836020607,0.20200901814802474,1.425,-1.351,2.776,0.07536858414704008,0.04332631865629134
-0.00045546874999999873,0.46681964067851495,0.46681986287539223,16.338207961035,0.3342442175134823,79.67797349718191,7.627,-7.833,15.46,-0.003700390625000008,1.1093433441257479,1.109349515728418,18.486509174283178,-0.6964017953450164,156.3649984400916,20.508,-20.966,41.474000000000004,0.07598474638478082,0.04353603342030346
-0.002571484375000008,0.35813954536253617,0.35814877702482106,6.916120224049612,-0.6882993417045067,10.54630224101374,2.477,-4.044,6.520999999999999,0.005472265625000002,0.7011686706489062,0.7011900244517352,18.749553675239063,2.319438472729488,110.17743878030096,13.147,-8.901,22.048000000000002,0.07659898142247289,0.044026681676386556
-0.0006929687499999989,0.3110944419715041,0.3110952137710415,3.294811217360531,-0.021291697543729712,-0.03837355623994965,1.025,-1.15,2.175,-0.0016398437499999998,0.35122458423169295,0.351228412370426,3.4393572884586927,0.0037740184345019393,-0.10234005117752742,1.208,-1.339,2.5469999999999997,0.07681768265872321,0.04561093951656547
0.005570312500000001,0.33135572448639294,0.33140254152804866,3.4067330769231465,-0.06618752593063114,0.1664804807110647,1.129,-1.244,2.373,-0.006728515624999998,0.35942957102972084,0.3594925443637531,3.168354998893944,0.03860341491314495,-0.04252840975671823,1.139,-1.079,2.218,0.0778011991999631,0.0457215797472416
-0.021335156250000004,0.31804403097533224,0.31875883443639647,3.880676757358469,0.11641771631278314,0.24804904731181576,1.237,-1.076,2.313,0.006203515625000001,0.35987595571705727,0.359929419621924,3.5784793622953557,0.02059608928516489,-0.049691199833245214,1.288,-1.26,2.548,0.07642664510388326,0.04661727223476696
0.007299999999999998,0.34374716226101415,0.34382466689069885,3.6937431263584424,-0.15135651385625462,0.23193270087766837,1.27,-1.34,2.6100000000000003,-0.004332421875000001,0.3551520845603641,0.35517850870636164,3.3673208560847203,0.030930124169845797,-0.08342985840332684,1.196,-1.077,2.2729999999999997,0.07847436941573446,0.04560965899988785
-0.013770703124999997,0.30403796561008317,0.30434966206137803,3.93297627437024,0.07576923874222874,-0.07042244977501788,1.197,-1.022,2.2190000000000003,-0.00636171875,0.3567293140947992,0.3567860353208909,3.489486349655629,-0.06932502216789765,-0.01867775113796677,1.245,-1.239,2.484,0.07784778918490383,0.043713177160554215
0.010389062500000004,0.320110543951806,0.32027908606206246,3.2097006789909415,-0.11122780596173094,0.03773229724788285,1.028,-1.257,2.285,0.002908984375000001,0.36256718978250224,0.3625788594180237,3.855712939921355,-0.06301440358242005,0.256922589565729,1.398,-1.286,2.684,0.0811536698425751,0.045963720516922775
-0.008273828124999999,0.3262353439275594,0.32634024554040986,3.382972266175165,-0.09207042255228727,0.35611197392680616,1.104,-1.664,2.768,-0.010324609374999998,0.35936154934046394,0.3595098339449493,3.5019904356574205,0.06220248208854058,0.04056861785070831,1.259,-1.401,2.66,0.0820710346989506,0.04537177859787972
0.0007398437499999966,0.328049983529531,0.3280508178049554,3.5756655259960803,-0.19674352327949277,0.4091854270733668,1.173,-1.446,2.6189999999999998,0.009754687500000003,0.35626861022868317,0.3564021276065843,3.4483520293589156,0.011163963748648417,-0.06234931059844584,1.229,-1.234,2.463,0.0806349566247557,0.04570439400282
-0.020199999999999996,0.3190458759136372,0.3196847055107579,2.896604010256095,-0.10571542026142941,-0.00661723358959776,0.926,-1.137,2.063,-0.008817578125,0.34926783229404984,0.3493791183791255,3.25434446476047,-0.10036969869002074,0.11162917151379581,1.137,-1.306,2.443,0.08170967745622831,0.05010442271299639
0.017935546874999996,0.3358625174255378,0.3363410686388521,3.425094665549052,-0.14282927224265657,0.25755439161651994,1.152,-1.232,2.384,-0.009484765625000002,0.35807009363449194,0.35819569055807327,3.995022937798287,-0.06142153088523684,-0.014004167911198184,1.431,-1.083,2.5140000000000002,0.08034266510865125,0.049918028909845924
0.013196875000000002,0.3003205219889816,0.3006103348813876,3.4429953993710223,-0.038845207159740935,0.04340003496315736,1.035,-0.999,2.034,-0.004853906250000001,0.3403127096882604,0.34034732374627247,3.237868856643446,-0.02314038252452361,-0.0424128671194941,1.102,-1.133,2.2350000000000003,0.08291790831758059,0.05004316000651545
0.022851562500000002,0.32593027532366275,0.326730375510527,3.103476370740221,-0.08338151379874954,-0.14957455027283562,1.014,-1.07,2.084,-0.008859765625,0.34294162487031965,0.3430560501078869,3.827362903487863,-0.09314538339379622,0.23366183900611937,1.313,-1.412,2.7249999999999996,0.08592459439709703,0.05154034817781664
-0.021157031249999996,0.3136603363372336,0.31437306907955714,3.40359943405082,-0.12079555218637669,0.07902823493986677,1.07,-1.475,2.545,-0.0017371093750000025,0.3535111440045339,0.3535154119474496,3.787670790995227,0.07007739293311305,0.006473446876346323,1.339,-1.256,2.5949999999999998,0.08521298310841725,0.05130196797201343
-0.0005613281249999991,0.33448334831701426,0.33448381932557664,3.0674129530951153,-0.23664099438454078,0.2157233450573739,1.026,-1.217,2.2430000000000003,0.010411328125000003,0.3492040636573386,0.34935923320863443,4.153318023610027,-0.062470946054224846,0.3062052261892574,1.451,-1.379,2.83,0.09385935874760817,0.043909168652919585
-0.0023257812500000015,0.41674415970452083,0.41675064955708224,16.0767595854276,0.1725203832387509,53.76136882635512,6.7,-4.852,11.552,0.0014078124999999998,0.7490265511408557,0.7490278741475515,13.074279793853,-3.5201122640949087,149.15181268857447,9.793,-17.221,27.014,0.08249678330313218,0.04666864075638822
-0.027358984374999996,0.3070342223732454,0.3082507546371541,3.77290236116042,-0.027801696069309927,0.23884296711718322,1.163,-1.193,2.356,-0.0039449218749999975,0.35979323013471937,0.35981485636278976,3.4239831352539096,0.027234919783479253,-0.0016197430520050737,1.232,-1.186,2.418,0.09253733463988545,0.049779553688763856
-0.0060363281250000005,0.34330043194102206,0.3433534968922335,4.074517989951029,-0.2248900151654867,0.9517187389113744,1.399,-1.823,3.222,-0.005212109374999999,0.35772073595402326,0.3577587050172574,3.656095523760646,-0.004276282110526323,0.03623482370972031,1.308,-1.276,2.584,0.08901561400612706,0.049156513697749836
-0.008014843749999997,0.32768309733592166,0.32778110073645184,3.673183100840401,-0.1525875634499369,0.4739635454790534,1.204,-1.485,2.689,-0.0008144531249999986,0.359723650912033,0.3597245729156892,3.4137228659322467,-0.04553118893049169,-0.011090522972032169,1.228,-1.426,2.654,0.09012251444751256,0.05517228897029021
-0.002331250000000002,0.4009472130058862,0.40095399030780327,14.363244011062084,1.1042739215969795,33.35446988824686,5.759,-4.292,10.051,0.005533203124999994,0.8802355675421794,0.8802529583609049,13.345027572385295,-3.92089720948043,177.5958709495294,11.747,-20.225,31.972,0.09177337125578568,0.0531864041650356
0.019643359375000002,0.34214913905245997,0.34271255436863557,5.018783169962014,0.061820077978582466,1.0993989903678676,1.72,-1.762,3.482,0.008971484375,0.5746808866253376,0.5747509103815104,12.37405608505982,-2.014984863105142,95.70915185135148,7.112,-10.692,17.804000000000002,0.09942092606209481,0.04438922721454483
0.001283984375000001,0.3604262941205868,0.36042858114940746,3.6512087798455757,-0.27687722909938356,1.0154920574971165,1.316,-1.858,3.1740000000000004,0.011408593750000001,0.361023507399307,0.361203722165553,3.8011789905384843,0.05231615404510806,0.03263529458164616,1.373,-1.202,2.575,0.09004691953421505,0.04757471744391964
-0.015237109374999998,0.32105640754549547,0.32141777537672833,3.599676460469244,-0.23477672488155935,1.517413434247536,1.157,-2.228,3.3850000000000002,0.0008757812500000004,0.34046474584522274,0.3404658722342814,3.812423229036067,-0.043718024944719255,0.0627482761484437,1.298,-1.36,2.6580000000000004,0.0961298892812318,0.05283972626097154
0.014079296874999998,0.3223845595851027,0.3226918512441475,3.8984560507175674,-0.0027936511500839317,0.21689354799482663,1.258,-1.314,2.572,0.015057421875,0.3580005709661694,0.35831708690156683,3.1564221784117614,-0.0001125328407929542,-0.15130798611620833,1.131,-1.249,2.38,0.09432926720196473,0.05700460393630905
-0.027548046875,0.33635386528401573,0.33748009952903146,4.418038284570726,-0.19233792794053228,0.6011024311915536,1.491,-1.633,3.124,0.012309765625,0.3479303749920845,0.34814806644856583,3.8029796158457287,0.049575311945132206,-0.09510433643357796,1.324,-1.312,2.636,0.10203415721598252,0.05583127653528247
0.0008429687500000019,0.3335624958271486,0.33356356098763246,2.7940701833272366,-0.16720455278210722,0.040868386806221846,0.932,-1.249,2.181,-0.002851562499999998,0.3581680087578434,0.3581793599668328,3.9896212895470153,0.05883014171258657,0.1333917062538892,1.429,-1.278,2.707,0.10528581348511448,0.04947427773602193
-0.008029296875,0.31734155052335666,0.31744311190648794,3.291928414272334,-0.08708405217059678,0.12706862411177777,1.045,-1.106,2.151,0.00965234375,0.35568311617946086,0.3558140622221106,3.594574064927223,-0.00322951760955273,-0.05788952631577038,1.279,-1.243,2.5220000000000002,0.10289621316186456,0.054625997252808034
-0.019072265625,0.3500609576553124,0.35058012691911816,3.5569614597341213,-0.3394583751609074,0.8252704232872863,1.247,-1.757,3.004,-0.0021136718750000005,0.3636823229146281,0.36368846504855634,3.5717382453319475,-0.05080373004982144,-0.004391332887265342,1.299,-1.376,2.675,0.10182663437937534,0.05545566698472998
0.0070097656250000025,0.3911376659601547,0.3912004736025699,12.377285629053471,0.03637083042889369,14.707478177020754,4.842,-3.752,8.594,-0.009576562499999997,0.8818725077466887,0.8819245038373466,15.910658949768703,-3.7276392346214395,182.48224691090576,14.032,-19.316,33.348,0.09941708122476983,0.06081905316829633
-0.009495703125000001,0.3353088944078831,0.3354433231514305,3.4461857494720274,-0.08757216312166576,0.19311484615692098,1.156,-1.34,2.496,0.0020859374999999993,0.3667719367021502,0.36677786831745995,3.121780507783964,-0.08208987801165345,-0.011247620953782178,1.145,-1.373,2.518,0.10382541080894955,0.04636765413165046
0.01295859375,0.3163417058309297,0.3166070119248782,3.6259462259553095,-0.11972875527293114,-0.04706476697971329,1.148,-1.044,2.192,0.004794140625,0.3441181429302918,0.3441515365040886,3.3735139229465774,0.09288841223564603,0.03574229413481156,1.161,-1.518,2.6790000000000003,0.09435392243442063,0.053779429784813704
0.015737890624999994,0.3427216750266177,0.3430828292619364,3.5181008696838085,-0.09930279534656199,-0.07260752328136544,1.207,-1.232,2.439,-0.005530078124999999,0.35735045587498054,0.35739324291055785,3.690612584777089,-0.05064694837489547,0.05860399946141026,1.319,-1.276,2.5949999999999998,0.09998631882530831,0.059834837851852854
0.0359984375,0.3344419769333069,0.33637378530066814,3.068015538361723,-0.0916178715247344,0.1742988430460306,1.032,-1.53,2.5620000000000003,-0.008514062499999999,0.3593145924739853,0.35941544989746893,3.0299198331920927,-0.039091941354786885,0.008055367816667047,1.089,-1.431,2.52,0.10157620236236534,0.06049248629309177
-0.04475859375,0.3443281279416081,0.34722498672510593,2.761898010407959,-0.222680790389816,0.17459587492967632,0.959,-1.365,2.324,-0.00014882812499999732,0.36597905949769066,0.3659790897587252,5.388285984590151,-0.08298377229049753,1.8522196098171921,1.972,-2.288,4.26,0.09661303531468474,0.05546219341016097
-0.002280078124999997,0.3209820539814008,0.3209901520831675,3.271128391901408,-0.10088152125105672,0.06355328107808589,1.05,-1.229,2.279,-0.010788671875000003,0.3525356856224609,0.35270073019221976,3.9381829440585605,0.028312224443484135,0.3748315021110331,1.389,-1.825,3.214,0.10317466299022997,0.061064440958922696
0.0027582031250000067,0.3320269563414938,0.33203841256980343,3.833893765928004,-0.04848322772891383,0.1942252530610209,1.273,-1.5,2.7729999999999997,-0.004451953125000001,0.3486360858370054,0.3486645095709843,2.885295097105917,-0.07323035111080915,0.04507807228805083,1.006,-1.507,2.513,0.10027569717913562,0.05927923404823009
-0.028343359375,0.33167185589821246,0.33288070838608985,4.004437524970439,-0.18656522979818282,0.46636197294603754,1.333,-1.57,2.903,-0.0072992187499999975,0.34723384411573366,0.34731055425044316,3.7084965724111925,0.03484360748096643,0.007554177918696947,1.288,-1.121,2.409,0.10272427182186017,0.06406053999648725
-0.0004039062499999982,0.3565150156599175,0.35651524445842425,4.549595074016962,-0.24282647991587647,0.5113343134494066,1.622,-1.619,3.241,-0.007575390624999999,0.3802750369025735,0.3803504834154612,5.5475149684382625,-0.4168770837751573,4.343969874856765,2.11,-3.507,5.617,0.11348043354705442,0.06838051659873429
-0.013626562500000003,0.3568001087103024,0.3570602201047464,4.074942875387139,-0.26710246268356486,1.0259289814787822,1.455,-1.558,3.013,0.017743359374999997,0.36094869592327744,0.36138454296030015,4.612814887833009,0.04568438663108377,0.3026055266426626,1.667,-1.035,2.702,0.1094388998785188,0.05361052123230262
0.025883203124999997,0.3388806575040319,0.3398676804792933,3.1100338770352676,-0.17304414026670153,-0.033507221016631394,1.057,-1.273,2.33,-0.006394921874999999,0.35922207818922774,0.3592789953286652,3.9885437741471765,-0.04340474585611187,0.15340797711475984,1.433,-1.647,3.08,0.11249874883501484,0.07123099218953297
-0.02653125,0.34382240231831535,0.34484453245266916,3.4914284168482568,-0.12426220134162483,0.2570200719109579,1.204,-1.268,2.472,-0.007082812499999996,0.34838997010116385,0.3484619599038036,3.1136827684133013,-0.090833400670757,-0.06458021058232033,1.085,-1.205,2.29,0.10787228984706618,0.0638792921185567
0.010641796874999996,0.36357803523610477,0.3637337426564588,3.9946802553656324,-0.3694569352269919,0.837703641840998,1.453,-1.794,3.247,-0.0030882812500000025,0.34613132106928857,0.34614509805318633,3.5360893650787113,-0.03794266183225356,0.16183235398738471,1.224,-1.242,2.466,0.11588006610388486,0.07276907743869346
-0.005061328125,0.36211145738154443,0.3621468274186245,4.086740205759667,-0.008234332404340915,0.5256527606396357,1.48,-1.349,2.8289999999999997,0.011012890625,0.365622109269881,0.3657879311115595,3.9339734245117235,-0.05147296568442005,0.21429767517886722,1.439,-1.452,2.891,0.11510622149276024,0.06557707015556641
-0.014664453124999999,0.3626347092187532,0.36293109334366075,3.617766634165774,-0.14327292214670176,0.3717402612308929,1.313,-1.667,2.98,-0.0007917968750000018,0.36168537563514197,0.3616862423297643,3.29843897936348,0.0028004844305162123,0.03768429576765886,1.193,-1.212,2.4050000000000002,0.12085369685422884,0.07887418148752315
0.01677578124999999,0.36281781827413345,0.3632054461234716,2.9349780169254776,-0.3953455855350818,1.1327026448476403,1.066,-1.77,2.8360000000000003,0.000873437500000001,0.3446124697314849,0.3446135766151705,4.306272592554241,0.0067275959406915605,0.13328290167614298,1.484,-1.388,2.872,0.11747382628543528,0.07133540326704184
-0.007267578124999998,0.3599096380240074,0.3599830068689007,3.025142796244807,-0.24367797301851674,0.24798460308936487,1.089,-1.549,2.638,0.006653906249999998,0.3585615583921626,0.3586232920837686,3.304302944503681,-0.010605320317262029,0.08096386234993824,1.185,-1.304,2.489,0.12227735528596932,0.06341233001330346
0.010963671874999999,0.33277365830943156,0.3329542157198569,3.907444142694512,-0.059158296761332635,-0.19741216055215416,1.301,-0.959,2.26,0.008972656249999999,0.3422057404304745,0.3423233520280935,3.4674818208212286,-0.03221064523186041,0.05933467907249934,1.187,-1.392,2.5789999999999997,0.13187352185576165,0.08373820950672103
0.01201171875,0.34501178968104973,0.34522082267188053,3.3514780222271967,-0.19436125482909117,0.4287826348939796,1.157,-1.804,2.9610000000000003,-0.00373359375,0.34680380818477174,0.34682390502061705,4.088530171862596,-0.007428681655141689,0.05020735936167542,1.418,-1.311,2.729,0.12652109652885674,0.08203556896280875
-0.027470312500000003,0.37638281799406353,0.37738394739310255,5.604371925753661,-0.18599407149775773,1.9067834652314364,2.115,-1.969,4.0840000000000005,0.02063203125,0.3525488448945749,0.35315204763670843,3.6783023309447045,0.047716230224001656,-0.09398572470923616,1.299,-1.236,2.535,0.12835018796826167,0.06933907330631543
0.026679296874999998,0.36041959797246126,0.3614056882291354,4.2417705363509945,-0.140517123048664,0.38954467944578175,1.533,-1.466,2.9989999999999997,0.00046601562499999915,0.3616985067463816,0.3616988069556285,3.4918555873338524,-0.0336824396163823,0.0845528946270897,1.263,-1.497,2.76,0.13565968792057703,0.08336227545533488
0.0012632812500000062,0.4053389710652473,0.40534093963446377,3.2170448935554017,-0.4158779750369655,1.2190333763875882,1.304,-1.801,3.105,0.0025414062500000003,0.3601644706821766,0.3601734369543373,4.125790098697353,-0.020531813115651894,0.07900060369715423,1.486,-1.233,2.7190000000000003,0.14547951414119212,0.09484925846514262
-0.014544921875,0.37719532760828994,0.3774756547406402,2.792233053345369,-0.3172965051475063,0.2704571207318591,1.054,-1.756,2.81,-0.0066082031249999965,0.3649219876111656,0.36498181515059763,3.0522068600605348,-0.013323054669039158,0.09261194889618496,1.114,-1.622,2.736,0.14946094263061765,0.09273724372462275
-0.018241406249999995,0.36615838807887835,0.36661248486992365,2.904974718408372,-0.11757293822501205,-0.06769206024736185,1.065,-1.369,2.434,-0.007962109375000002,0.35641012263602384,0.35649904726818693,4.513336044877512,0.043747515645918,0.183117656055511,1.609,-1.186,2.795,0.15446493927535224,0.09761941100032727
-0.0075429687499999985,0.379071083617488,0.37914612329878833,3.755807886443318,-0.2329315206098991,0.7363821989337711,1.424,-2.09,3.514,-0.0002062499999999981,0.35446722625961835,0.35446728626383844,4.824140523724399,0.07645256279210107,0.270316421799464,1.71,-1.326,3.036,0.16140602676427035,0.09931795245815934
-0.009974609375000009,0.375647715281141,0.3757801203205473,3.2705295824367737,-0.22906915665820482,0.1341354931543286,1.229,-1.496,2.725,-0.005339453124999997,0.37392215204130513,0.3739602726853148,5.594177116670371,-0.033769275620894476,0.8723101796110333,2.092,-1.905,3.997,0.15586019623065356,0.09735101544963203
-0.028511328125000002,0.40100360604260604,0.4020159050219593,4.0744656605328275,-0.43917770418081975,1.3392168786637475,1.638,-2.678,4.316,0.0032246093749999996,0.37096139131654077,0.3709754061297393,4.10000225046743,0.009683749515383104,0.16266953059438283,1.521,-1.492,3.013,0.17265829015723796,0.08822150386063124
-0.0067835937499999945,0.3791417467199239,0.3792024278007724,3.6444914343377652,-0.000571100840587927,-0.12491937702278078,1.382,-1.294,2.676,-0.011641015625,0.37135222871398454,0.3715346430894769,3.4613192172507365,0.1169866107508842,0.1492555048782136,1.286,-1.294,2.58,0.18600353895796257,0.11352144822103882
-0.033361718750000005,0.3946193513258009,0.3960270656391429,3.199276286723497,-0.29890304060570516,0.9376816550943432,1.267,-2.46,3.727,0.023351953125,0.38407627003906764,0.38478551807711653,4.199742256609904,-0.022869849628522492,-0.03591420699527781,1.616,-1.179,2.795,0.19821389458507832,0.09533013871421156
-0.04577421875,0.43509107501082706,0.4374923115395858,4.027499349187004,-0.266078077124378,1.096978831749933,1.762,-2.088,3.85,0.006840624999999993,0.37882913930571577,0.37889089582292684,3.4178704589545297,0.031323267195396916,-0.0036701215854315627,1.295,-1.305,2.5999999999999996,0.19946345390609163,0.10982449114719588
0.02368906249999999,0.4738038263014252,0.47439565501804504,3.615125859309915,-0.2856330561199888,1.179774053762988,1.715,-2.21,3.925,-0.0030382812499999993,0.4339934287414913,0.4340040637410553,3.8548026153925155,0.07262347133262659,0.4111259569749217,1.673,-1.821,3.4939999999999998,0.2597958963538905,0.1764341832665977
-0.03628398437499999,0.5601035913335584,0.5612776145071839,4.4541238335241,-0.05335463764340682,0.5374091224025412,2.5,-2.081,4.5809999999999995,-0.014280468750000006,0.46021805829522844,0.46043956494718175,3.8332935185586576,0.011578700614090595,0.014651203842154015,1.765,-1.474,3.239,0.3522493619588517,0.20890949408500198
-0.062994921875,0.6427172221969687,0.6457970175609554,6.433910171484833,0.33401265389581114,3.323038713093055,4.155,-2.686,6.841,0.0119484375,0.4774571639791978,0.4776066463039957,3.7562291351743933,-0.0825213624011796,0.5852711462244722,1.794,-2.12,3.914,0.35081348065775947,0.22038234966208853
-0.010410156249999997,6.282658836324543,6.282667460959556,3.16266937944305,0.053692129240122795,0.3084008238553704,19.87,-18.254,38.124,0.007556640625000011,2.583461144033202,2.5834721956210167,15.05299730568683,1.3989880330834763,32.54644548719073,38.889,-22.193,61.08200000000001,0.20528513094337594,0.03737562320150154
-0.05015859375,6.11760901624395,6.117814639244659,3.3191590784298586,0.16506724938886735,0.22843291827052026,20.306,-18.371,38.677,-0.0010304687499999988,2.0746076582791275,2.0746079141987894,7.408628828033692,-0.01751020933538123,11.812767815854757,15.37,-14.625,29.994999999999997,0.164744683084829,0.029463849237603323
0.054311718749999995,5.763444205021328,5.763700102120815,3.1464163087401156,0.06563738007597372,0.18784590292908243,18.135,-17.548,35.683,-0.008410156250000005,2.0240801837786964,2.0240976560170583,8.397322110162435,0.286304020968077,11.34198566586517,16.997,-16.404,33.400999999999996,0.15509732697178008,0.029335673853330503
0.054937890624999985,4.90624111174054,4.9065486870466675,3.318625991216039,0.02516068684126702,-0.24718203420320028,16.283,-16.769,33.052,0.004489453125000003,1.9834271718373007,1.9834322527305728,9.087277861488099,-0.1011713509145792,21.183534158938055,18.024,-23.281,41.305,0.1610842412462481,0.023176323014545305
0.024458984374999986,5.400359322886438,5.400414711686791,3.1116128847725766,0.015212718799315407,0.3917561191377614,16.804,-16.751,33.555,-0.004726171875,2.0039996784795857,2.0040052515018205,8.755965078859006,0.4833509589035396,12.35246755622601,17.547,-15.438,32.985,0.18648814838062308,0.03302416915012292
